,Tweets,Subjectivity,Polarity,Analysis
0,üòÉ‚ô•Ô∏èüëçVery Cool!,0.65,0.4375,Positive
1,"RT @waniardy: Kita bukan tak nak PKP. 
Kita tak nak PKP yang tak ada perancangan rapi.

Kita bukan tak nak SOP.
Kita tak nak SOP yang doubl‚Ä¶",0.0,0.0,Neutral
2,"RT @JuanAlberti7: ‚≠ïÔ∏è La ocupaci√≥n de camas UCI por COVID sigue por encima del 42% en Madrid ü§¶

 https://t.co/9JvyH4gqot",0.0,0.0,Neutral
3,"RT @newslaundry: While the second covid wave ravages the nation, Sudhir Chaudhary is making sure our PM is safe from any criticism.

Watch‚Ä¶",0.46296296296296297,0.3333333333333333,Positive
4,"RT @501Awani: Nora Danish, Tiz Zaqyah positif COVID-19

https://t.co/9Nt0AMVEbY

#AWANInews #AWANI745",0.0,0.0,Neutral
5,"RT @SurrbhiM: Thanks to Modi , India has become a covid hub !!

India needs answer from you Modi !! 

#NoMoreModi https://t.co/xnCFV63KMX",0.2,0.48828125,Positive
6,"@drharshvardhan @DrHVoffice NOT doing COVID duty doesn't mean that doctor is enjoying and doing nothing,incentives‚Ä¶ https://t.co/GmLNgvKnDH",0.64375,0.09375,Positive
7,"RT @Bxrjja: No soy epidemi√≥logo pero si en la Comunidad Valenciana tenemos una IA y unos datos de covid bajos, ¬øPor qu√© eliminamos el cierr‚Ä¶",0.0,0.0,Neutral
8,"RT @BBCWorld: The ""black fungus"" maiming Covid patients in India https://t.co/gCAa12x2Gq",0.43333333333333335,-0.16666666666666666,Negative
9,"RT @ladevita12: COVID-19 - Vos questions, nos r√©ponses #lapresseplus https://t.co/MY450Drg08",0.0,0.0,Neutral
10,"RT @GautamGambhir: On Mother‚Äôs Day, I urge every Indian to serve their motherland by donating plasma if recovered from COViD &amp; not keep med‚Ä¶",0.0,0.0,Neutral
11,RT @flejecalvo: Todos sabemos que la gente es gilipollas se√±ores no son mejores por remarcarlo 70 veces porque TODOS hemos roto las restric‚Ä¶,0.0,0.0,Neutral
12,"RT @MANUELFTORRES1: Querido personal sanitario que te dejas la vida para librarnos del #COVID„Éº19:
¬øC√≥mo imaginar que, al final, mucho #apla‚Ä¶",0.65,0.0,Neutral
13,Il n'y a que le chevelu de Marseille pour accuser les visons danois alors que le gouvernement danois lui-m√™me s'est‚Ä¶ https://t.co/10oQm3oHmN,0.0,0.0,Neutral
14,"RT @Hello_nicks: Science is our only saviour when humanity confronts the issues that really matter.  Religion, as a palliative opium, has i‚Ä¶",0.6,0.1,Positive
15,RT @andres_trasado: Qu√© emotivo cuando a las 23.59 el Covid se fue. Qu√© virus tan organizado. Ni un minuto tard√≥ en desaparecer. A las 00.0‚Ä¶,0.0,0.0,Neutral
16,RT @NishvikaFC: Best wishes to Abhinaya Chakravarthi Baadshah @KicchaSudeep for recovering from Covid from Sandalwood Princess Nishvika Fan‚Ä¶,0.3,1.0,Positive
17,"RT @saprajapati1: @madhukishwar @AmitShah Agreed. 
Owing to Covid situation public had been demanding parole for 85yr old Sant Shri Asharam‚Ä¶",0.13333333333333333,0.05,Positive
18,"RT @jovita_lesmana: ""Jadi semua pihak harus on the right track dalam mengimplementasikan peraturan dan undang-undang,""
#UULindungiPenangana‚Ä¶",0.5357142857142857,0.2857142857142857,Positive
19,Our teams in Myanmar are providing relentless support for the citizens of Myanmar. IBJ continues to provide access‚Ä¶ https://t.co/PDA9kcosHL,0.0,0.0,Neutral
20,"RT @RehanKh23764753: @tulsi_silawat @tarunchughbjp @BJP4India #CompleteDVandMPTETjoining
@ChouhanShivraj 
@Indersinghsjp 
Respected Mamaji,‚Ä¶",0.0,0.0,Neutral
21,RT @Independent: Opinion: The NHS can be the envy of the world again ‚Äì if we give it the funding it needs https://t.co/inEI3hwPbb,0.125,0.0,Neutral
22,"RT @OpIndia_in: ‡§è‡§ï ‡§∏‡•ã‡§∂‡§≤ ‡§Æ‡•Ä‡§°‡§ø‡§Ø‡§æ ‡§Ø‡•Ç‡§ú‡§∞ ‡§®‡•á ‡§ï‡§π‡§æ ‡§ï‡§ø ‡§∏‡•Å‡§¨‡•ç‡§∞‡§Æ‡§£‡•ç‡§Ø‡§Æ ‡§∏‡•ç‡§µ‡§æ‡§Æ‡•Ä ‡§ï‡•ã ‡§≠‡§æ‡§ú‡§™‡§æ ‡§∏‡•á ‡§¨‡§æ‡§π‡§∞ ‡§ï‡§∞ ‡§¶‡§ø‡§Ø‡§æ ‡§ú‡§æ‡§®‡§æ ‡§ö‡§æ‡§π‡§ø‡§è, ‡§ï‡•ç‡§Ø‡•ã‡§Ç‡§ï‡§ø ‡§µ‡§π ‡§ï‡§≠‡•Ä ‡§≠‡•Ä ‡§™‡§æ‡§∞‡•ç‡§ü‡•Ä ‡§Æ‡•á‡§Ç ‡§∂‡§æ‡§Æ‡§ø‡§≤ ‡§π‡•ã‚Ä¶",0.0,0.0,Neutral
23,oye k en octubre hablabais de covid y lo irresponsables k √©ramos en los barrios obreros y la mayor√≠a de historias k‚Ä¶ https://t.co/OfjO5tQo8f,0.0,0.0,Neutral
24,"RT @AmeerApis: This patient was covid positive in Feb this year and only had cough as her symptom. Her chest xray shown here. Treated, quar‚Ä¶",0.7727272727272727,0.11363636363636363,Positive
25,#EidAlFitr will be celebrated this week by Muslim families. @digbethfunfair is fully #covid compliant and a great w‚Ä¶ https://t.co/7p3FsFw9SE,0.75,0.575,Positive
26,The Tackling Loneliness Network was formed as part of the¬†government‚Äôs plan to tackle loneliness during coronavirus‚Ä¶ https://t.co/d63uaiZMZr,0.0,0.0,Neutral
27,"RT @AUThackeray: ‡§Ü‡§ú ‡§ñ‡§æ‡§∏‡§¶‡§æ‡§∞ @rautsanjay61 ‡§ú‡•Ä ‡§µ ‡§µ‡§ø‡§ß‡§æ‡§®‡§™‡§∞‡§ø‡§∑‡§¶ ‡§â‡§™‡§∏‡§≠‡§æ‡§™‡§§‡•Ä @neelamgorhe ‡§ú‡•Ä ‡§Ø‡§æ‡§Ç‡§ö‡•ç‡§Ø‡§æ‡§∏‡•ã‡§¨‡§§ ‡§™‡•Å‡§£‡•ç‡§Ø‡§æ‡§§‡•Ä‡§≤ ‡§ï‡§æ‡§§‡•ç‡§∞‡§ú ‡§µ ‡§∏‡•Ç‡§∏‡§ó‡§æ‡§µ, ‡§§‡§æ. ‡§Æ‡•Å‡§≥‡§∂‡•Ä ‡§Ø‡•á‡§•‡•Ä‡§≤ ‡§ï‡•ã‚Ä¶",0.0,0.0,Neutral
28,bh le covid du coup,0.0,0.0,Neutral
29,"RT @naimdanielx: Boleh tak kita semua bersetuju;

Covid - 19 di Malaysia ini bukan lagi hanya pandemik.

Tetapi ia juga kegagalan politik.",0.0,0.0,Neutral
30,"COVID-19: Ruthless South Africa variant hits Ghana, Togo, 21 others, says WHO  https://t.co/T4KHpAZ0cm",1.0,-1.0,Negative
31,Zwischen 7% und knapp 0.01% liegen Welten. Warum h√∂rt man √ºberhaupt noch auf diesen Geisteskranken? #lauterbach‚Ä¶ https://t.co/lOFdXEzTYO,0.0,0.0,Neutral
32,"RT @menshealthESP: Anthony Auricchio empez√≥ el d√≠a con una gran actuaci√≥n en los Open de CrossFit... üí™üèª

Aquella noche ya se sinti√≥ enfermo‚Ä¶",0.5,0.0,Neutral
33,"RT @LaRepublicaCat: CORONAVIRUS | Es declaren 1.198 nous casos de covid-19 a Catalunya i 9 morts, per un total de 21.984 defuncions en tota‚Ä¶",0.75,0.0,Neutral
34,RT @AdamRachman11: Menkeu Sri Mulyani hadir mewakili Presiden @jokowi dalam sidang lanjutan uji materi Peraturan Pemerintah Pengganti Undan‚Ä¶,0.0,0.0,Neutral
35,RT @MnshaP: How Sudhir fooled his viewers on dna test: He played clips of Modi speaking with CMs from a March 17 meet. He takes selective c‚Ä¶,0.0,0.0,Neutral
36,RT @DGHisham: Lessons for Malaysia from India‚Äôs Covid-19 tsunami.    https://t.co/gXLXDgxZep,0.0,0.0,Neutral
37,"y toldo rosales decia que venian las rusas hace dos semanas y viajo alla 

a que?",0.0,0.0,Neutral
38,RT @News18lokmat: ‡§ú‡§µ‡§≥‡§ö‡•á ‡§≤‡§∏‡•Ä‡§ï‡§∞‡§£ ‡§ï‡•á‡§Ç‡§¶‡•ç‡§∞ (COVID-19 Vacine Center) ‡§Ü‡§£‡§ø ‡§§‡•ç‡§Ø‡§æ‡§†‡§ø‡§ï‡§æ‡§£‡•Ä ‡§≤‡§∏ ‡§ò‡•á‡§£‡•ç‡§Ø‡§æ‡§∏‡§æ‡§†‡•Ä ‡§∏‡•ç‡§≤‡•â‡§ü ‡§â‡§™‡§≤‡§¨‡•ç‡§ß ‡§Ü‡§π‡•á ‡§ï‡§æ ‡§π‡•á ‡§∂‡•ã‡§ß‡§£‡•ç‡§Ø‡§æ‡§∏‡§æ‡§†‡•Ä ‡§π‡•á ‡§™‡•ç‡§≤‡•Ö‡§ü‡§´‡•â‚Ä¶,0.1,-0.1,Negative
39,"RT @dezying: It is undeniably a war against EVERYONE, launched by the Chinese Communist Party. üò°
More and more people are aware of this fac‚Ä¶",0.3125,0.3125,Positive
40,RT @gkd600: Video 3 for COVID Awareness - https://t.co/pJ23qp22rH,0.0,0.0,Neutral
41,"RT @DGHisham: Sila duduk di rumah, kerana jika anda dan keluarga dijangkiti Covid-19 mungkin akan sampai masa kita tidak ada katil ICU yang‚Ä¶",0.0,0.0,Neutral
42,"RT @RRRMovie: Requirement - B+ve #Plasma in #Guntur. 

#Covid19IndiaHelp #COVIDEmergencyIndia",0.0,0.0,Neutral
43,RT @ahremjaye: Absolutely appalling that @CityofDarebin councillors won‚Äôt even consider a trial to see if bike lanes will work on the WIDES‚Ä¶,0.9,-0.35,Negative
44,RT @Independent: Opinion: The NHS can be the envy of the world again ‚Äì if we give it the funding it needs https://t.co/inEI3hwPbb,0.125,0.0,Neutral
45,RT @florsnb: Los que est√°is en la calle hoy en grupos grandes y sin mascarilla. A parte de ser irresponsables e  inmaduros. Ten√©is un 0% de‚Ä¶,0.0,0.0,Neutral
46,"RT @News18Bihar: Covid-19 ‡§ï‡•á ‡§ö‡§≤‡§§‡•á ‡§∏‡§∞‡§ï‡§æ‡§∞‡•Ä ‡§∏‡•ç‡§ï‡•Ç‡§≤ ‡§¨‡§Ç‡§¶ ‡§π‡•Å‡§Ü ‡§§‡•ã ‡§ò‡§æ‡§ü‡§∂‡§ø‡§≤‡§æ ‡§Æ‡•á‡§Ç ‡§è‡§ï ‡§¨‡§ö‡•ç‡§ö‡•á ‡§ï‡•ã ‡§π‡•Å‡§®‡§∞ ‡§Ü‡§ú‡§º‡§Æ‡§æ‡§®‡•á ‡§ï‡§æ ‡§Æ‡•å‡§ï‡§æ ‡§Æ‡§ø‡§≤‡§æ. 
https://t.co/S9k7cQSHkF",0.0,0.0,Neutral
47,@LucyGoBag Just calling to see if you are dead from Covid yet.?,0.4,-0.2,Negative
48,"RT @JennaLuche: 52 pages¬†of ivermectin/Covid19 data &amp; assessment from the¬†THE JAPANESE JOURNAL OF ANTIBIOTICS
Global trends in clinical stu‚Ä¶",0.0,0.0,Neutral
49,"RT @plasticpitch: üáπüá≤ Days before the Central #AFCCup group stage gets underway, Turkmen duo Altyn Asyr &amp; Ahal pull out of the competition,‚Ä¶",0.25,0.0,Neutral
50,"RT @Camille_Dylan_V: @MNHR_Labo @chapan_nico ËÑ≥Ê¢óÂ°û„ÄÅÁôå„Åß‰∫°„Åè„Å™„Å£„Å¶„ÇÇ„ÄÅPCRÈôΩÊÄß„Åß„ÅÇ„Çå„Å∞„ÄÅCOVID-19ÊÑüÊüìÊ≠ª„ÄÇ

ÂéöÂä¥ÁúÅ„ÇÇÁõ¥Êé•„ÅÆÊ≠ªÂõ†„ÅØ„Å™„ÅÑ„Å®Ë™ç„ÇÅ„Å¶„Åä„Çä„Åæ„Åô„ÄÇ
‚Üíhttps://t.co/tIxcP7fXnc",0.0,0.0,Neutral
51,RT @Actor_Siddharth: Full respect to any leader of any state who can announce and execute a plan without resorting to  circus acts and PR g‚Ä¶,0.55,0.35,Positive
52,"Know facts before abusing Modi
He managed COVID exceptionally well.
#Modi_BharatKaGarv https://t.co/o6G4wx9RJe",1.0,0.6666666666666666,Positive
53,"RT @SpiritOfCongres: Covid task force hasn't met in 10 months to discuss about controlling the pandemic. 

Union cabinet met many times to‚Ä¶",0.5,0.5,Positive
54,"Urgent need for COVID-19 recovered plasma

Patient:  Manorama Sahu
Blood group: AB+ve
Hospital: Yatharth hospital,‚Ä¶ https://t.co/Gl0RTqujUH",0.0,0.0,Neutral
55,"In NEET PG 2021,
#nogracemarks #nogracemarks  #nogracemarks #nogracemarks 
#nogracemarks #nogracemarks‚Ä¶ https://t.co/AA8nxv18Zc",0.0,0.0,Neutral
56,... enfin je vais pas m'√©taler dessus 50 ans. Il a des bon points. Mais il n√©glige ceux qui justifient que l'on aim‚Ä¶ https://t.co/FZ6fTaCMjA,0.0,0.0,Neutral
57,RT @aitorfc_: Me voy a la cama sabiendo que mis padres pueden estar orgullosos de tener un hijo que no ha contribuido a que nadie muera pro‚Ä¶,0.0,0.0,Neutral
58,"RT @EricBillyFR: Info COVID:
Premi√®res donn√©es indiquant une immunit√© mucosale apr√®s vaccination. Donc en plus de prot√©ger de la maladie et‚Ä¶",0.0,0.0,Neutral
59,"RT @RailMinIndia: Covid Care Coaches as Isolation Units are now functional in 17 diverse locations in 7 states spread over the country.

ht‚Ä¶",0.0,0.0,Neutral
60,"RT @The_WittyLawyer: After 30th April 2021, why the TL looks COVID Free? Even the TL of RWs who were posting SOS messages relentlessly, atl‚Ä¶",0.8,0.4,Positive
61,"RT @iamthekillerq: Mientras que parece que por fin somos libres y ya no existe el covid, yo me meto en la cama porque en breves entro a una‚Ä¶",0.0,0.0,Neutral
62,RT @sosciudadanos: Qu√© locura. ü§¶üèº‚Äç‚ôÄÔ∏èüôèüèª #COVID https://t.co/3tXRxfJFIc,0.0,0.0,Neutral
63,RT @prattis: ŒëŒªŒ¨ŒΩŒπŒ± ŒºŒµœÑŒ¨ Œ±œÄœå 18 ŒºŒµœÅŒµœÇ œÉœÑŒø ŒΩŒøœÉŒøŒ∫ŒøŒºŒµŒØŒø ŒºŒµ COVID Œ≠Œ¥œâœÉŒ± PCR Œ±œÅŒΩŒ∑œÑŒπŒ∫œå. Œ†Œ±œâ œÉœÄŒØœÑŒπ Œ¥Œ∑ŒªŒ±Œ¥ŒÆ œÉŒÆŒºŒµœÅŒ±. ŒïœÄŒπ œÑŒ≠ŒªŒøœÖœÇ!!!!!!!,0.0,0.0,Neutral
64,RT @cbcnewsbc: Leaked reports are revealing more about the scale of COVID-19 infections in B.C. The findings reveal that COVID rates are hi‚Ä¶,0.5,0.5,Positive
65,"RT @latimes: ""My father died in the 1918 flu,"" Mitchell Landsberg's dad told him. 

Only later did Landsberg truly learn how the pandemic c‚Ä¶",0.5,0.0,Neutral
66,Bau hangru atuh liang covid di ambean. üôÑüòÇ,0.0,0.0,Neutral
67,"RT @JosVasDen: ben oui puisque c'est leur prrrrrojet , d√©j√† bien mis en ≈ìuvre avec les co√ªts faramineux des tests, vaccins etc...co√ªt hospi‚Ä¶",0.0,0.0,Neutral
68,RT @mxriaprz: se acaba el estado de alarma no el covid subnormales,0.0,0.0,Neutral
69,well.... at least the vaccine symptoms are slightly less horrible than my second bout of actually having covid,0.31333333333333335,-0.29333333333333333,Negative
70,RT @MarkFriesen08: Sweden and Spain dump pcr test. Hey @PremierScottMoe your political career is finished. Sonia your party. Mark my words.‚Ä¶,0.1,0.0,Neutral
71,RT @JoergMGehrke: Wie besch√∂nigend @euronewsde hier den islamistischen Aktionstag der Hetze gegen #Israel darstellt... dieser geht auch wen‚Ä¶,0.0,0.0,Neutral
72,"RT @richardursomd: First, do no harm. Then,  if there‚Äôs no benefit, it‚Äôs unnecessary. If it‚Äôs unnecessary, it‚Äôs unethical. This is foundati‚Ä¶",0.7111111111111111,-0.18333333333333335,Negative
73,"@IonaItalia 2c/

All charts from this page, adjust settings in panel shown in this image for different charts.‚Ä¶ https://t.co/YpoarAsATZ",0.6,0.0,Neutral
74,"RT @cailinmeister: New Paper!  We find that subjects think you are less at risk of COVID infection when engaged in morally good actions, an‚Ä¶",0.37373737373737376,0.23459595959595958,Positive
75,RT @Noelia_zag: La terapia del Hospital Espa√±ol colapsada.  Habilitaron el 3er piso  para Covid y se llen√≥. Creo que la gente no est√°  ente‚Ä¶,0.0,0.0,Neutral
76,"RT @WIONews: Speaking to WION, Nepali Congress leader Padam Narayan Chaudhary said that an 18-member committee will hold a meeting today to‚Ä¶",0.0,0.0,Neutral
77,RT @ibehindu: CEO Pfizer ‡πÉ‡∏´‡πâ‡∏™‡∏±‡∏°‡∏†‡∏≤‡∏©‡∏ì‡πå‡∏ß‡πà‡∏≤‡∏ï‡∏≠‡∏ô‡πÅ‡∏£‡∏Å‡πÄ‡∏Ç‡∏≤‡πÄ‡∏≠‡∏á‡∏Å‡πá‡∏´‡πà‡∏ß‡∏á‡∏õ‡∏ó.‡∏£‡πà‡∏≥‡∏£‡∏ß‡∏¢‡∏ó‡∏µ‡πà‡∏™‡∏±‡πà‡∏á‡∏ß‡∏±‡∏Ñ‡∏ã‡∏µ‡∏ô‡πÑ‡∏ß‡πâ‡∏°‡∏≤‡∏Å ‡∏ö‡∏£‡∏¥‡∏©‡∏±‡∏ó‡∏à‡∏∂‡∏á‡∏û‡∏¢‡∏≤‡∏¢‡∏≤‡∏°‡∏ï‡∏¥‡∏î‡∏ï‡πà‡∏≠‡∏õ‡∏£‡∏∞‡πÄ‡∏ó‡∏®‡∏£‡∏≤‡∏¢‡πÑ‡∏î‡πâ‡∏ï‡πà‡∏≥-‡∏õ‡∏≤‡∏ô‡∏Å‡∏•‡∏≤‡∏á‡∏ó‡∏±‡πà‡∏ß‡πÇ‡∏•‡∏Å‡πÅ‚Ä¶,0.0,0.0,Neutral
78,"RT @mharisman: Akan tambah keteteran Kemenkes utk vaksinasi dgn stok yg ada per hari ini.

Butuh 560K shots/day, full 7 hari, u/ menghabisk‚Ä¶",0.55,0.35,Positive
79,"RT @RRRMovie: Requirement - B+ve #Plasma in #Guntur. 

#Covid19IndiaHelp #COVIDEmergencyIndia",0.0,0.0,Neutral
80,RT @BylineTimes: Records Confirm Johnson Met with Lockdown-Sceptics at Key COVID Turning Point ‚Äì Byline Times.. https://t.co/uSyIgylcWP,1.0,0.0,Neutral
81,"@GeorgePapa19 Pastor James Coates, also arrested, has been released from a maximum security prison after a month of‚Ä¶ https://t.co/0d9YnKphGZ",0.0,0.0,Neutral
82,RT @JMehta65: Maharashtra with over 74000 deaths accounts for 32% of total deaths in India..It has active caseload of more than 6.5 lakh ca‚Ä¶,0.6166666666666667,0.12222222222222223,Positive
83,RT @CMOMaharashtra: It was a pleasure to interact with the MCCIA that briefed me on the work PCCR has put in to assist us on COVID response‚Ä¶,0.0,0.0,Neutral
84,"@fbindignada muito obrigada amg, eu n√£o consigo acreditar de verdade maldito covid",0.0,0.0,Neutral
85,"RT @RRRMovie: Requirement - B+ve #Plasma in #Guntur. 

#Covid19IndiaHelp #COVIDEmergencyIndia https://t.co/rMT6Aahoij",0.0,0.0,Neutral
86,RT @bratzpitt_: hay un punto medio entre entender que las personas necesitamos ver a nuestros amigos y que las muertes por el covid no son‚Ä¶,0.0,0.0,Neutral
87,"RT @BFMTV: Covid-19: le variant indien plus contagieux et potentiellement plus r√©sistant aux vaccins, alerte l'OMS
https://t.co/zZoYz4JElx‚Ä¶",0.0,0.0,Neutral
88,"RT @latimeralder: Brits:

You have already sacrificed most of your freedoms to the Covid Cult.

And you are soon to sacrifice the few that‚Ä¶",0.3,0.15,Positive
89,"RT @MarinaNigrelli: I‚Äôm not even Scottish

But how can you not be triggered by this statement from Michael Gove?

‚ÄúThe government would not‚Ä¶",0.0,0.0,Neutral
90,"RT @rajasthanroyals: It pains us so much to confirm that Mr Kanjibhai Sakariya lost his battle with Covid-19 earlier today.

We're in touch‚Ä¶",0.35,0.1,Positive
91,"RT @EM_RESUS: These are your lungs.

These are your lungs on COVID.

Any questions? 

#GetVaccinated https://t.co/FqrG96PeLo",0.0,0.0,Neutral
92,RT @BorisKharlamoff: On peut faire beaucoup de reproches √† la France dans cette gestion de crise Covid. Mais que ce soit pour se faire test‚Ä¶,0.0,0.0,Neutral
93,"RT @HausofHilton: I tak sanggup dengar conversation suami yang isteri dia baru meninggal sebab covid tu .. terus menangis

Breaking bad new‚Ä¶",0.6666666666666666,-0.6999999999999998,Negative
94,üíîüíîüíî,0.0,0.0,Neutral
95,"RT @CoronaDades: Costa entendre com han estat capa√ßos, i de justificar-ho, que podem passar de tot a res.

La gradualitat i la desescalada‚Ä¶",0.0,0.0,Neutral
96,Respect #PlasmaDonor,0.0,0.0,Neutral
97,RT @bratzpitt_: hay un punto medio entre entender que las personas necesitamos ver a nuestros amigos y que las muertes por el covid no son‚Ä¶,0.0,0.0,Neutral
98,El COVID NO COME COBA MATA JODEDOR USA LA MASCARILLA LAVAR MANOS ALCOHOL Y MANTEN LA DISTANCIA CUIDA TU FAMILIA CU√ç‚Ä¶ https://t.co/7CgdX9ftXz,0.0,0.0,Neutral
99,"RT @SaketGokhale: Lol what garbage is this? 

Seismic zones don‚Äôt change every few meters. ü§¶üèª‚Äç‚ôÇÔ∏è

All of Delhi btw is Seismic Zone 4. That‚Ä¶",0.39999999999999997,0.30000000000000004,Positive
100,"Het eerste wat je zegt als je vanochtend buiten stond

Althans ik dan NIET NORMAAL

koud weer warm 

Tis mij allema‚Ä¶ https://t.co/YET27wSjQy",0.6,0.6,Positive
